sku,price
O2SC-000,83.75
O2SC-0001,83.75
O2SC-0002,83.75
PD-3032,99.99
PD-3032G,99.99
PD-3032K,99.99
PD-3032OD,99.99
PD-3232,99.99
PD-3232G,99.99
PD-3232K,99.99
PD-3232OD,99.99
PD-3432,99.99
PD-3432G,99.99
PD-3432K,99.99
PD-3432OD,99.99
PD-3434,99.99
PD-3434G,99.99
PD-3434K,99.99
PD-3434OD,99.99
PD-3436,99.99
PD-3436G,99.99
PD-3436K,99.99
PD-3436OD,99.99
PD-3632,99.99
PD-3632G,99.99
PD-3632K,99.99
PD-3632OD,99.99
PD-3634,99.99
PD-3634G,99.99
PD-3634K,99.99
PD-3634OD,99.99
PD-3636,99.99
PD-3636G,99.99
PD-3636K,99.99
PD-3636OD,99.99
PD-3830,99.99
PD-3830G,99.99
PD-3830K,99.99
PD-3830OD,99.99
PD-3832,99.99
PD-3832G,99.99
PD-3832K,99.99
PD-3832OD,99.99
PD-3834,99.99
PD-3834G,99.99
PD-3834K,177.35
PD-3834OD,177.35
PD-3836,99.99
PD-3836G,99.99
PD-3836K,99.99
PD-3836OD,99.99
PD-MPH02,50.5
PD-XXXX,177.35
PF-001,423.5
PFA-CBA,74.5
PFA-CBA02,63.95
PFA-CBA02LBK,63.95
PFA-CBA02LCT,63.95
PFA-CBA02LTV,63.95
PFA-CBA02RBK,63.95
PFA-CBA02RCT,63.95
PFA-CBA02RTV,63.95
PFA-CBA03,68.8
PFA-CBA03LBK,68.8
PFA-CBA03LCT,68.8
PFA-CBA03LTV,68.8
PFA-CBA03RBK,68.8
PFA-CBA03RCT,68.8
PFA-CBA03RTV,68.8
PFA-DH,16.5
PFA-DH.BLK,16.5
PFA-DH.CT,16.5
PFA-DH.MC,16.5
PFA-DH.TV,16.5
PFA-DP,127.65
PFA-DPBLK,127.65
PFA-DPCT,127.65
PFA-DPTV,127.65
PFA-HL,10.4
PFA-HLBLK,10.4
PFA-HLCT,10.4
PFA-HLMC,10.4
PFA-HLTV,10.4
PFA-RSS0,69.7
PFF-0001,33.1
PFMA-TP,10.7
PFMA-TPBLK,20.55
PFMA-TPCT,20.55
PFMA-TPTV,20.55
PFMP-FP,61.5
PFMP-FPBLK,63.3
PFMP-FPCT,63.3
PFMP-FPMC,63.3
PFMP-FPTV,63.3
PFMP-SGP,68.85
PFMP-SGPBLK,68.85
PFMP-SGPCT,68.85
PFMP-SGPMC,68.85
PFMP-SGPTV,68.85
PFMP-SPP,116.75
PFMP-SPPBLK,116.75
PFMP-SPPCT,116.75
PFMP-SPPMC,116.75
PFMP-SPPTV,116.75
PFP-2MP,49.25
PFP-2MPBLK,68.75
PFP-2MPCT,68.75
PFP-2MPMC,68.75
PFP-2MPTV,68.75
PFP-3MP,85.75
PFP-3MP02,93
PFP-3MP02BLK,93
PFP-3MP02CT,93
PFP-3MP02MC,93
PFP-3MP02TV,93
PFP-3MPBLK,85.75
PFP-3MPCT,85.75
PFP-3MPMC,85.75
PFP-3MPTV,85.75
PFP-AP001,93
PFP-AP001BLK,93
PFP-AP001CT,93
PFP-AP001MC,93
PFP-AP001TV,93
PFP-BPPTV,89.99
PFP-BQS,44.5
PFP-BQSBLK,49.95
PFP-BQSCT,49.95
PFP-BQSMC,49.95
PFP-BQSTV,49.95
PFP-DD,85.75
PFP-DDBLK,85.75
PFP-DDCT,85.75
PFP-DDMC,85.75
PFP-DDTV,85.75
PFP-GPTV,79.99
PFP-HP70,85.75
PFP-HP70BLK,122.7
PFP-HP70CT,122.7
PFP-HP70MC,122.7
PFP-HP70TV,122.7
PFP-MP73PMxxx,0
PFP-MP74PMxxx,0
PFP-RP,44.5
PFP-RPBLK,69.95
PFP-RPCT,69.95
PFP-RPMC,69.95
PFP-RPTV,69.95
PFS-S001,74.5
PFS-S001BLK,74.5
PFS-S001CT,74.5
PFS-S001MC,74.5
PFS-S001TV,74.5
PR-757,6
PR-BULLET,5
PR-S&S Precision,6
PR-SKILLS,5
PR-Thermo,8
PS-0001,39.95
PS-0001BLK,39.95
PS-0001CT,39.95
PS-0001SK,29.95
PSLO-SPXXX,39.99
PT-D601,7.5
PT-D601BLK,7.5
PT-D601CT,7.5
PT-D601TV,7.5
S-8 Baller,2.65
SB-Hot Sauce,347.57
SB-OSFA,347.57
SB-SkillS,347.57
SC-0001SM,49.95
SC-0002,84
SC-0002BLK,84
SC-0002SM,84
SC-0003,84
SC-0003BLK,84
SC-0003SM,84
SC-0004,84
SC-0004BLK,84
SC-0004SM,84
SCP-0001TV,69.99
SCP-0001xx,74.95
S-Gear,2
SLP-005,32.4
SLP-0050AOR1,32.4
SLP-0050BLK,32.4
SLP-0050MC,32.4
SLP-0052AOR1,32.4
SLP-0052BLK,32.4
SLP-0052MC,32.4
SLP-0054AOR1,32.4
SLP-0054BLK,32.4
SLP-0054MC,32.4
SLP-A001,33.25
SLP-A001AOR1,33.25
SLP-A001-BLK,33.25
SLP-A001CT,33.25
SLP-A001MC,33.25
SLP-A001TV,33.25
SMR-001,17.3
SMR-001BLK,17.3
SMR-001TN ,17.3
SMR-DE001,16
SMR-DE001BLK,16
SMR-DE001CT,16
SMR-KI001,82.95
SMR-KI001BLK,82.95
SMR-KI001TN,82.95
SMR-PF001,97
SMR-PF001BLK,103.85
SMR-PF001TN,103.85
SMR-PFA001,22
SMR-PFA001BLK,22
SMR-PFA001TN,22
S-Skills,2.65
SSP-ACSFB1,75
SSP-ACSFB2,75
SSP-ACSFB3,75
SSP-ACSFB6,75
SSP-ACSFG,75
TC-0001,73.45
test-product,0.01
TP-0001TV,65.1
TS-B,15.75
TS-BB-L2,15.75
TS-BB-L3,15.75
TS-BB-L4,15.75
TS-BB-L5,15.75
TS-BB-S2,15.75
TS-BB-S3,15.75
TS-BB-S4,15.75
TS-BB-S5,15.75
TS-BG-L2,19.75
TS-BG-L3,19.75
TS-BG-L4,19.75
TS-BG-L5,19.75
TS-BG-S2,15.75
TS-BG-S3,15.75
TS-BG-S4,15.75
TS-BG-S5,15.75
TS-M,29.5
TS-MB-S2,29.5
TS-MB-S3,29.5
TS-MB-S4,29.5
TS-MB-S5,29.5
TS-MG-S2,29.5
TS-MG-S3,29.5
TS-MG-S4,29.5
TS-MG-S5,29.5
TS-S,15.75
TS-SB-L1,15.75
TS-SB-L2,19.75
TS-SB-L3,19.75
TS-SB-L4,19.75
TS-SB-L5,19.75
TS-SB-S1,15.75
TS-SB-S2,15.75
TS-SB-S3,15.75
TS-SB-S4,15.75
TS-SB-S5,15.75
TS-SGL1,15.75
TS-SG-L1,19.75
TS-SG-L2,19.75
TS-SG-L3,19.75
TS-SG-L4,19.75
TS-SG-L5,19.75
TS-SG-S1,15.75
TS-SG-S1-2,15.75
TS-SG-S2,15.75
TS-SG-S3,15.75
TS-SG-S4,15.75
TS-SG-S5,15.75
TS-T,15.75
TS-TB-L1,19.75
TS-TB-L2,19.75
TS-TB-L3,19.75
TS-TB-L4,19.75
TS-TB-L5,19.75
TS-TB-S1,15.75
TS-TB-S2,15.75
TS-TB-S3,15.75
TS-TB-S4,15.75
TS-TB-S5,15.75
TS-TG-L1,19.75
TS-TG-L2,19.75
TS-TG-L3,19.75
TS-TG-L4,19.75
TS-TG-L5,19.75
TS-TG-S1,15.75
TS-TG-S2,15.75
TS-TG-S3,15.75
TS-TG-S4,15.75
TS-TG-S5,15.75
VL-B010V,41.4
VL-B011V,41.4
VL-B012V,41.4
VL-B013V,41.4
VL-G010V,41.4
VL-G011V,41.4
VL-G012V,41.4
VL-G013V,41.4
VL-IR010V,41.4
VL-IR011V,41.4
VL-IR012V,41.4
VL-IR013V,41.4
VL-O010V,41.4
VL-O011V,41.4
VL-O012V,41.4
VL-O013V,41.4
VL-P010V,41.4
VL-P011V,41.4
VL-P012V,41.4
VL-P013V,41.4
VL-R010V,41.4
VL-R011V,41.4
VL-R012V,41.4
VL-R013V,41.4
VL-W010V,41.4
VL-W011V,41.4
VL-W012V,41.4
VL-W013V,41.4
VL-XXXXV,41.4
VL-Y010V,41.4
VL-Y011V,41.4
VL-Y012V,41.4
VL-Y013V,41.4
WL-B001,89.5
WL-B002BLK,137.55
WL-B002CT,137.55
WL-M002BLK,137.55
WL-M002CT,137.55
WL-XXXX,137.55
WW-CMAG,49
WW-CMAG01,49
WW-CMAG02,49
WW-CMAG03,49
WW-CMAG04,49
WW-CMAG05,49
WW-WMAG,49
WW-WMAG01,49
WW-WMAG02,49
WW-WMAG03,49
WW-WMAG04,49
WW-WMAG05,49
